sep=|
epoch|evaluation_0|error_0|evaluation_1|error_1|evaluation_2|error_2
0|13,3|0|9,69|0|10,18|0
1|12,48|3,58969498665|16,26|3,36928313200813|13,46|4,04706541204335
2|9,36|5,64336565207671|18,56|4,63457674142836|18,39|4,63916044946992
3|8,21|5,44445427985105|14,29|4,70402260447744|15,27|5,94517341033172
4|7,22|5,88779619328321|13,46|4,61891471784892|20,36|6,48876284138914
5|7,22|6,50716491514153|13,63|5,2851748299118|17,08|5,10084928061828
6|7,22|5,97503284531821|13,79|5,60006051961375|14,29|6,00899044834974
7|7,22|5,73085590028351|13,96|5,44290277842213|11,49|6,80123254688538
8|7,22|6,57115587144202|14,61|6,85487719257482|11,33|6,05718730983915
9|7,22|5,65691579520589|14,78|6,32333023227524|11,17|6,39209192010275
10|7,06|6,16911104501884|14,45|6,53209838707248|11,17|6,59742224878805
11|7,06|6,08299005035077|14,29|6,69345340137526|11,17|6,62720367177194
12|7,06|6,35772341696337|13,96|6,28576828302942|11,17|6,79558926567218
13|7,06|6,25796181038702|13,96|6,01732039526669|11,17|6,48861257791769
14|7,06|5,67575718266562|13,96|5,7399525211772|11,17|6,63466834221412
15|7,06|5,75658333555031|13,96|5,42222537999625|11,17|6,37499505031162
16|7,06|5,60612742212245|13,63|5,5195942677707|11,17|5,74908111877762
17|7,06|5,11166009706413|13,63|5,44460044864259|11,17|5,51961669650776
18|7,06|4,88527119504279|13,63|5,20331200532745|11,17|5,7947616836461
19|7,06|4,78984518880496|13,14|5,36072676358657|11,17|5,0834253889713
20|7,06|4,25851762654437|12,64|4,8725278959598|11,17|5,38236766961571
21|7,06|4,59799645921034|12,64|4,27754550064497|11,17|5,94540200118027
22|7,06|4,0532651451314|12,48|4,95116664105426|11,17|5,30066513626077
23|7,06|3,8742394547742|12,48|4,82160581275917|11,17|5,1797256025797
24|7,06|4,41514119715285|12,48|4,20327690861765|11,17|4,57402436660275
25|7,06|4,04985059528975|12,32|3,80317326506483|11,17|4,65963562231053
26|7,06|4,46926157928173|12,15|3,87221894412609|11,17|4,77213707109759
27|7,06|3,75988666765833|11,99|4,30106839340717|11,17|4,64393540599411
28|7,06|3,48867581836959|11,99|4,09403522582113|11,17|4,68547110033299
29|7,06|3,62261523215712|11,99|4,60052480080229|11,17|3,99199903165373
30|7,06|3,52202069659749|11,99|4,00765471498576|11,17|4,33509052413903
31|7,06|3,56677599492614|11,99|4,07477112419786|11,17|4,21966460204033
32|7,06|3,41960443070444|11,99|4,26017934990568|11,17|4,69150308246637
33|7,06|3,53840744010865|11,82|4,11309113677834|11,17|3,91850144950904
34|7,06|3,29248322150901|11,66|4,01017357579795|11,17|4,57107391738715
35|7,06|3,5594852326493|11,49|4,21666162952325|11,17|4,48606373104859
36|7,06|3,35541063057678|11,49|4,07478939775441|11,17|4,13583556043292
37|7,06|3,13583027753967|11,49|3,82700533567552|11,17|3,92410574730469
38|7,06|3,54222374457625|11,49|3,74727833702769|11,17|3,6779298082842
39|7,06|3,25049150971763|11,49|4,31033759555338|11,17|3,91207185640528
40|7,06|3,30022161497088|11,49|3,63218339873425|11,17|3,86166554964124
41|7,06|3,22035451425396|11,49|3,76379609733301|11,17|3,93026023453623
42|7,06|3,17229947154665|11,33|3,69872848538182|11,17|3,97909331722881
43|7,06|2,8126865657487|11,33|3,68139363220597|11,17|3,95010479900231
44|7,06|3,4043077186986|11,33|4,00700379168518|11,17|3,69558817107018
45|7,06|3,29008072332653|11,33|3,6565574370054|11,17|3,41260221977116
46|7,06|3,06399611320748|11,33|3,80355831069514|11,17|3,43323629668016
47|7,06|2,96618933036516|11,33|3,64495441872462|11,17|3,84536565073675
48|7,06|3,15096051007596|11,33|4,04800493575132|11,17|3,33509198932174
49|7,06|3,31282737885034|11,33|3,77242517471163|11,17|3,78243811297251
50|7,06|3,27085688478396|11,33|3,17204379963553|11,17|3,29480240448532
51|7,06|3,0819414868437|11,33|3,5286822687506|11,17|3,17214496517642
52|7,06|3,03532550296054|11,33|3,50113008697445|11,17|3,55335713480622
53|7,06|3,07999719310763|11,33|3,46666567589581|11,17|3,86191101209844
54|7,06|3,08350272617202|11,33|3,26372283849524|11,17|4,35890754864126
55|7,06|2,835391973436|11,33|3,85661321084581|11,17|2,94214279912346
56|7,06|3,12350229439993|11,33|3,57149925999064|11,17|3,34118136585406
57|7,06|2,91258435187708|11,33|3,52125871560006|11,17|2,82002432127359
58|7,06|3,1811437999379|11,33|3,41397921829305|11,17|3,42669761346886
59|7,06|3,19929345342219|11,33|3,41595755434633|11,17|3,2272657170982
60|7,06|3,10996309141609|11,33|3,82316831311634|11,17|3,39183962801065
61|7,06|2,83621527233468|11,33|3,07229405000002|11,17|3,34174791147645
62|7,06|2,85357731983818|11,33|3,55084377360199|11,17|3,81592668926383
63|7,06|2,90225634587696|11,33|3,54475799120837|11,17|3,26060911401594
64|7,06|3,02587072416387|11,33|3,63489221254964|11,17|3,50677254759911
65|7,06|2,94789845179139|11,33|3,81608474972044|11,17|3,07565117522168
66|7,06|3,08139826671499|11,33|3,433353543486|11,17|3,18638632235924
67|7,06|2,87383637254139|11,33|3,60464972776837|11,17|3,01824129380705
68|7,06|2,97036859616565|11,33|3,80300721134164|11,17|3,76632339656595
69|7,06|2,84448826103781|11,33|3,68746717020393|11,17|3,71485185603514
70|7,06|2,7613281840447|11,33|3,80918817362111|11,17|3,7522605651031
71|7,06|2,92798397068638|11,33|3,80530018695837|11,17|3,01091266524984
72|7,06|2,88225548577157|11,33|3,33084316585418|11,17|3,43522683080838
73|7,06|3,0673701914219|11,33|3,44284928341096|11,17|3,50688030653295
74|7,06|3,05346583004394|11,33|3,58398087030676|11,17|3,43003545816867
75|7,06|3,18387344869137|11,33|3,6445807360216|11,17|3,0042487945263
76|7,06|2,80361689372022|11,33|3,3709667186972|11,17|3,4800368646493
77|7,06|2,76075772364584|11,33|3,54278330073974|11,17|3,55660413300395
78|7,06|3,338889359609|11,33|3,49389308981543|11,17|3,27074735948243
79|7,06|2,96883090581102|11,33|3,52587549276024|11,17|3,31619882885094
80|7,06|3,13370324839027|11,33|3,78174882362754|11,17|3,70078309119448
81|7,06|3,14167029587961|11,33|2,99632975530462|11,17|3,42801292444441
82|7,06|3,00361159771002|11,33|3,61606946739825|11,17|3,36745831404919
83|7,06|2,5677915427273|11,33|3,33043645871205|11,17|3,00054807316068
84|7,06|3,18694744369521|11,33|3,46623813907802|11,17|3,80022899241571
85|7,06|3,33533081835497|11,33|3,41420701192101|11,17|3,24124718603055
86|7,06|2,99670726011773|11,33|3,51540912512984|11,17|3,63192584496724
87|7,06|3,05990591426324|11,33|3,79013556555971|11,17|3,29376706607467
88|7,06|3,00994294959711|11,33|3,51675777642702|11,17|3,49115268360482
89|7,06|3,06391699404389|11,33|3,47486436080821|11,17|3,24221265773421
90|7,06|3,26894320493391|11,33|3,44367265304807|11,17|3,30839663093851
91|7,06|3,05064795895083|11,33|3,90723935667784|11,17|3,09581504906956
92|7,06|2,83286428306127|11,33|3,784350444937|11,17|3,06268418151446
93|7,06|3,00784725051517|11,33|3,20805458362489|11,17|2,90463779000851
94|7,06|2,97548191575269|11,33|3,31275763809749|11,17|3,16879127155304
95|7,06|2,96952387530909|11,33|3,52879585976947|11,17|3,44963470884713
96|7,06|2,83409868155733|11,33|3,59877231931774|11,17|3,25491423295412
97|7,06|2,99121309695451|11,33|3,97022068808028|11,17|3,49617304550174
98|7,06|2,93091985310014|11,33|4,05071572147319|11,17|3,57594171184547
99|7,06|3,24907101609916|11,33|3,01489230126889|11,17|3,43635441195272
100|7,06|3,05951380505777|11,33|3,70664815467532|11,17|3,6912706752482
101|7,06|3,10708831355192|11,33|3,15937786557041|11,17|3,5946858375509
102|7,06|3,02675956013265|11,33|3,44727507603419|11,17|3,70562493926271
103|7,06|2,86124702530667|11,33|3,3335579201877|11,17|3,27472813228641
104|7,06|3,00290236643407|11,33|3,38135908901038|11,17|3,72161204954332
105|7,06|3,32248120360005|11,33|3,70759500282926|11,17|3,1763417823097
106|7,06|2,78452559561194|11,33|3,11362071267978|11,17|3,48059250648986
107|7,06|3,07167144040058|11,33|3,67205711010996|11,17|3,59440205832776
108|7,06|3,12513940591509|11,33|3,55971476737366|11,17|3,44736699120901
109|7,06|2,8477125543524|11,33|3,39590224284167|11,17|3,08762273823832
110|7,06|3,19962264863502|11,33|3,37013276002558|11,17|3,23385337796569
111|7,06|2,68504101510376|11,33|3,59837569739179|11,17|3,02727748010487
112|7,06|2,92897475534842|11,33|3,71968018422386|11,17|3,4204570223606
113|7,06|2,79467114024633|11,33|3,48367108413818|11,17|3,64968812880601
114|7,06|3,25180097960033|11,33|3,57398672020655|11,17|3,38382570525277
115|7,06|2,99672153223387|11,33|3,66933570605993|11,17|3,36333086034218
116|7,06|2,76005446208129|11,33|3,34282060525248|11,17|3,56431383949458
117|7,06|3,0679385905711|11,33|3,21887289230799|11,17|3,69461211718945
118|7,06|2,54264974601371|11,33|3,85111232727308|11,17|3,79385445880718
119|7,06|2,43797378918272|11,33|3,81482791476956|11,17|3,45959411982683
120|7,06|2,82639313537761|11,33|3,24154895176521|11,17|3,45637354154185
121|7,06|2,73839429030207|11,33|3,89891772512025|11,17|3,67346920653503
122|7,06|2,91919337200491|11,33|3,63593726850812|11,17|3,44488065023497
123|7,06|2,91904529676506|11,33|3,3395935631178|11,17|3,17667528176041
124|7,06|2,8559360493269|11,33|3,63038311942579|11,17|3,73167129264955
125|7,06|2,82276246153537|11,33|3,37207520917336|11,17|3,50809254320747
126|7,06|2,75429570240986|11,33|3,54170912623388|11,17|3,63726043158027
127|7,06|3,23006338010864|11,33|3,80701378184537|11,17|3,56001102072369
128|7,06|3,01198727772303|11,33|3,63424604880048|11,17|3,8450659258046
129|7,06|3,19110330930289|11,33|3,34595266330919|11,17|3,4876661599237
130|7,06|2,96109579362572|11,33|3,74425212316911|11,17|3,06689078757832
131|7,06|2,84965071843443|11,33|3,74935841205433|11,17|3,37773372194409
132|7,06|2,92673624881042|11,33|3,67312638973672|11,17|3,45269489590006
133|7,06|2,86585939885742|11,33|3,54741020449228|11,17|3,44650935907906
134|7,06|2,81467646704238|11,33|3,38550833617812|11,17|3,41236459212296
135|7,06|2,90290469660608|11,33|3,39312957861516|11,17|3,37835997615322
136|7,06|2,85172967159626|11,33|3,54969804691347|11,17|3,46607254979307
137|7,06|2,8534943700512|11,33|3,30181717254959|11,17|3,06549207492268
138|7,06|2,921611535843|11,33|3,24714561611937|11,17|3,03774081374737
139|7,06|3,01478403339061|11,33|3,37016645175998|11,17|3,48029663845909
140|7,06|2,99221235976567|11,33|3,53302769431652|11,17|3,42292094499287
141|7,06|2,86417594412668|11,33|3,35392339419469|11,17|3,15670603242859
142|7,06|3,21656077229933|11,33|3,52068200277372|11,17|3,29228386352501
143|7,06|3,09899198822344|11,33|3,17976462720446|11,17|3,27215903002034
144|7,06|2,90007581115279|11,33|3,40053105758483|11,17|3,62175207040721
145|7,06|2,89011947109432|11,33|3,69865353478821|11,17|3,33332270767963
146|7,06|3,1238796383237|11,33|3,7529209433226|11,17|2,86380299752577
147|7,06|2,81840151802537|11,33|3,33593270324018|11,17|3,27844333805152
148|7,06|2,77629094395658|11,33|3,29034282998912|11,17|3,10772764833515
149|7,06|2,78512522254552|11,33|3,35851415496075|11,17|3,23444591019552
150|7,06|3,05216786752408|11,33|3,63540009661096|11,17|3,3459819166809
151|7,06|2,87381825048651|11,33|3,26320521274723|11,17|3,63173734073945
152|7,06|2,9948232941133|11,33|3,44372808676338|11,17|3,29233693054345
153|7,06|2,89790168412327|11,33|3,59948822807996|11,17|3,58392054020257
154|7,06|3,03981042147302|11,33|3,65033861892682|11,17|3,61943981903116
155|7,06|2,98563177752754|11,33|3,46346107858117|11,17|3,60635475071879
156|7,06|2,77155325867155|11,33|3,30692371635309|11,17|3,04570717144219
157|7,06|2,98902105997337|11,33|3,71412564502287|11,17|3,35400830228597
158|7,06|2,86105814812421|11,33|3,4267726760469|11,17|3,20090084937913
159|7,06|2,92062633178784|11,33|3,70320124586988|11,17|3,35275028527888
160|7,06|2,89942568370322|11,33|3,31203305168737|11,17|3,29302444805607
161|7,06|2,72092596015679|11,33|3,43638585675514|11,17|3,45064312968946
162|7,06|2,84425181376411|11,33|3,22478422245123|11,17|3,54434512863577
163|7,06|2,77912229008635|11,33|3,29050022186965|11,17|3,473765813402
164|7,06|2,88074205647019|11,33|3,43897135334482|11,17|3,4221762217215
165|7,06|2,99999762237045|11,33|3,67385023905715|11,17|3,41704158518825
166|7,06|2,7743382744268|11,33|3,45990697259298|11,17|2,98949232850904
167|7,06|2,83888083356862|11,33|3,79047709045027|11,17|3,45814551076565
168|7,06|3,07850328279823|11,33|2,94201070887171|11,17|3,26353636805343
169|7,06|2,93873381827291|11,33|3,10079259181564|11,17|2,8573284888547
170|7,06|2,73372989107863|11,33|3,67383703673349|11,17|3,18587804577874
171|7,06|2,93681883729767|11,33|3,58920629229004|11,17|3,6333483353358
172|7,06|2,94433938587182|11,33|3,26088612108288|11,17|3,70054708949957
173|7,06|2,90614817889984|11,33|3,51502181723448|11,17|3,38307069583876
174|7,06|3,0562869410906|11,33|3,29376628690397|11,17|2,70389420251925
175|7,06|3,03364398232405|11,33|3,13976081814056|11,17|3,64527374032161
176|7,06|2,61520690803385|11,33|3,49622986308066|11,17|3,13014922363057
177|7,06|3,03704773238941|11,33|3,08701501006419|11,17|3,686673085774
178|7,06|2,82833880672944|11,33|3,44292332913342|11,17|3,30685806646457
179|7,06|2,62774131577736|11,33|3,60683578645813|11,17|3,33720278002003
180|7,06|2,96560994078297|11,33|3,13629875554735|11,17|3,32286313003314
181|7,06|3,07283701813183|11,33|3,18032646793088|11,17|3,3372420559074
182|7,06|3,01909336460026|11,33|3,50803317338124|11,17|3,48915758675445
183|7,06|3,03500723899325|11,33|3,12486283881191|11,17|3,40054911236447
184|7,06|3,06834753345497|11,33|3,6253054837232|11,17|3,2209389239213
185|7,06|3,17709742876721|11,33|3,13479204136363|11,17|3,39354975516611
186|7,06|2,88147207209329|11,33|3,48235405823465|11,17|3,45607891155895
187|7,06|2,87093203748988|11,33|3,26008827735502|11,17|3,28227487184664
188|7,06|3,21935734389277|11,33|3,79571470595448|11,17|3,60038068762447
189|7,06|2,67151054362686|11,33|3,60350908732779|11,17|3,44682013532218
190|7,06|2,9549910559716|11,33|3,65687806736442|11,17|3,45237504476368
191|7,06|2,70943814756085|11,33|2,88495791813896|11,17|3,54924701647061
192|7,06|3,02781773829369|11,33|3,55000747846038|11,17|3,05910333751709
193|7,06|2,94080915474042|11,33|3,36498496392642|11,17|3,44332642605253
194|7,06|3,15876228062969|11,33|3,15146700562939|11,17|3,35756407488867
195|7,06|2,75979316624436|11,33|3,50709951677464|11,17|3,49258162284347
196|7,06|3,11628247263679|11,33|3,31252454854488|11,17|3,29128429298961
197|7,06|3,01933571397061|11,33|3,28683522568067|11,17|3,33558947737622
198|7,06|3,19261063060448|11,33|3,6040092151494|11,17|3,37508371382847
199|7,06|2,99838583944336|11,33|3,66562041859826|11,17|3,78339582039028
200|7,06|2,93554360083647|11,33|3,41395746916716|11,17|3,58242460932205
201|7,06|3,04544498585913|11,33|3,04716646411049|11,17|3,38698419180191
202|7,06|3,02597892703258|11,33|3,91188902256967|11,17|3,26450166990352
203|7,06|2,96669947059678|11,33|3,68050409567048|11,17|3,12060909192695
204|7,06|3,20307323226408|11,33|3,59492839684613|11,17|3,2584111112664
205|7,06|3,27133111331412|11,33|3,38943575323274|11,17|2,84519059571991
206|7,06|3,09288854651621|11,33|3,65926290325244|11,17|3,39684824156889
207|7,06|3,07219244438716|11,33|3,28385993604098|11,17|3,20950721027723
208|7,06|2,83655269641036|11,33|3,56393478468049|11,17|3,14409784837032
209|7,06|3,23554892378295|11,33|3,34512478451407|11,17|3,62201615435908
210|7,06|2,85945143278932|11,33|3,3148177980637|11,17|3,27790053183334
211|7,06|3,1738259548357|11,33|3,22365280531643|11,17|3,419940993261
212|7,06|2,90662775589413|11,33|3,53233656160522|11,17|3,23776050577921
213|7,06|2,91680337716516|11,33|3,21702957728591|11,17|3,60369466666098
214|7,06|2,70198823315017|11,33|3,08411511303277|11,17|2,84975586233764
215|7,06|2,94116914526507|11,33|3,49575325371154|11,17|2,69194597030235
216|7,06|2,87816517486163|11,33|3,49469962878827|11,17|3,69861261140868
217|7,06|2,972315619509|11,33|3,44572446257934|11,17|3,10358174334739
218|7,06|3,23648885151104|11,33|3,54376165339159|11,17|3,24303519215725
219|7,06|3,13339188559359|11,33|3,69761142747447|11,17|3,49878799281295
220|7,06|3,06831934637687|11,33|3,36688182196696|11,17|3,65821500338011
221|7,06|2,78566549178968|11,33|3,49226366822221|11,17|3,12349120049481
222|7,06|3,19728794082442|11,33|3,32853277711887|11,17|3,25368200061221
223|7,06|2,99772376390055|11,33|3,47884417187396|11,17|3,28517811484694
224|7,06|3,08397990148037|11,33|3,49273480068469|11,17|3,10113615624326
225|7,06|2,6920133200204|11,33|3,59365751154963|11,17|3,1885497892225
226|7,06|2,91153045161018|11,33|3,53686499292462|11,17|3,25626716706513
227|7,06|3,0873058851379|11,33|3,2790165114792|11,17|3,24548837986965
228|7,06|2,98159416971765|11,33|3,26650873960411|11,17|3,07285687218694
229|7,06|2,8890538272529|11,33|3,4134525017284|11,17|3,38329394157938
230|7,06|2,98288646772294|11,33|3,48466438045062|11,17|3,25750111577835
231|7,06|3,02680813344943|11,33|3,81823706938459|11,17|3,57537570120644
232|7,06|2,77746432072162|11,33|3,36863336194835|11,17|3,6534560564484
233|7,06|2,80505092880832|11,33|3,51370610949306|11,17|3,44024615279979
234|7,06|3,10562466633152|11,33|3,52169135573419|11,17|3,01802312603881
235|7,06|2,90374918728408|11,33|3,41387129383504|11,17|3,19764767816918
236|7,06|3,06683954547834|11,33|3,402548817492|11,17|3,78293232078539
237|7,06|2,74731217461745|11,33|3,22012666622561|11,17|3,2738628593261
238|7,06|3,0423723065251|11,33|3,00825182191176|11,17|3,10686947357852
239|7,06|3,01200902033581|11,33|3,53447420288416|11,17|3,34405951314581
240|7,06|2,73697210776086|11,33|3,41105906160692|11,17|3,35214451321146
241|7,06|2,97872684165355|11,33|3,58539320912476|11,17|3,37581481210852
242|7,06|3,08323278063567|11,33|3,29824854351835|11,17|3,47379708747049
243|7,06|2,85831848754925|11,33|3,53502284125106|11,17|3,49766199944854
244|7,06|3,08623475230563|11,33|3,09464638104521|11,17|3,75323673375885
245|7,06|2,92167567216293|11,33|3,23008429755932|11,17|3,69765433842868
246|7,06|2,94287452826158|11,33|3,59994471397696|11,17|3,21431511919402
247|7,06|2,98797395231724|11,33|3,1075638745677|11,17|3,20650469656803
248|7,06|3,17935827892636|11,33|3,47432124102972|11,17|3,28769159338097
249|7,06|2,89283483479084|11,33|3,43053675180181|11,17|3,24329977108835
250|7,06|2,80669135087751|11,33|3,35034254674935|11,17|3,58406239147139
251|7,06|2,74521307927985|11,33|3,46107751904276|11,17|3,25923013077625
252|7,06|3,11191083702712|11,33|3,30251684374227|11,17|3,32753160873725
253|7,06|3,01441513081171|11,33|3,18816542151567|11,17|2,94320982418935
254|7,06|3,14699918431196|11,33|3,18859623438528|11,17|3,34337487406888
255|7,06|2,87375666365072|11,33|3,54811702412242|11,17|3,32595130353656
256|7,06|2,92883592423587|11,33|3,40851234465074|11,17|3,49364015212163
257|7,06|3,08896412912291|11,33|3,5404576706054|11,17|3,09551436197687
258|7,06|2,91212097456775|11,33|3,62089706302544|11,17|3,16422737772668
259|7,06|2,99645145955064|11,33|3,43244136618375|11,17|3,613298948791
260|7,06|2,76040489514885|11,33|3,32860618068327|11,17|3,38146119935349
261|7,06|3,02025658351368|11,33|3,30932967862409|11,17|3,85094153381886
262|7,06|2,90516579540855|11,33|3,49642684544637|11,17|3,06587702892427
263|7,06|2,91216849872071|11,33|3,63682122421422|11,17|2,79559813534063
264|7,06|2,95949366309089|11,33|3,51899440769868|11,17|3,434602071067
265|7,06|2,87595538734101|11,33|3,92585687604019|11,17|3,21097512948567
266|7,06|2,84654579661265|11,33|3,5190565250683|11,17|3,61623090314016
267|7,06|2,98369706405244|11,33|3,7939194899746|11,17|3,61264255249989
268|7,06|2,84257940710709|11,33|3,84657345687716|11,17|3,58859383291958
269|7,06|2,90094263830992|11,33|3,4017520613366|11,17|3,63058006480558
270|7,06|2,63611654390596|11,33|3,15146326262147|11,17|3,38824908451252
271|7,06|2,90275103589407|11,33|3,60471049294853|11,17|3,06048565173635
272|7,06|2,95462660664123|11,33|3,742674104946|11,17|2,775641676405
273|7,06|2,93048970939692|11,33|3,60747686806398|11,17|3,55719925761208
274|7,06|2,96572480562433|11,33|3,87306944540927|11,17|3,37162929339159
275|7,06|2,77045631406635|11,33|3,66942318719463|11,17|3,36531634905946
276|7,06|3,04635382620453|11,33|3,42321991241536|11,17|3,23715939002398
277|7,06|2,86082840891272|11,33|3,79645618454673|11,17|3,23702628868415
278|7,06|3,08916180074898|11,33|3,1743711163578|11,17|3,59476725921292
279|7,06|2,78399394246524|11,33|3,46386417930149|11,17|3,36392738573673
280|7,06|3,11816383616262|11,33|3,43842943380223|11,17|3,30411705056714
281|7,06|2,8790700454953|11,33|3,78532196251193|11,17|3,08972604169418
282|7,06|2,92965675206707|11,33|3,43541361470195|11,17|3,22208637629465
283|7,06|2,77342544591907|11,33|3,63026913694174|11,17|3,20519344611924
284|7,06|3,17464495621565|11,33|3,3870727398926|11,17|3,36887047005636
285|7,06|2,98489178638004|11,33|3,22903114427591|11,17|3,61965247560656
286|7,06|2,94744330396506|11,33|3,74582953393902|11,17|3,18509055979626
287|7,06|2,8095753792595|11,33|3,83136383790885|11,17|2,7598914421882
288|7,06|2,58898819686826|11,33|2,80629124444616|11,17|3,11358302457188
289|7,06|2,85703412215592|11,33|3,46612322041363|11,17|3,18097493208973
290|7,06|2,81154201789776|11,33|3,51161496625545|11,17|3,42674321740105
291|7,06|3,00317244297649|11,33|3,41322940325513|11,17|3,51987343026594
292|7,06|2,74312010942596|11,33|3,20092207783916|11,17|2,4954135868363
293|7,06|3,01725630618296|11,33|3,2663499980035|11,17|3,14982595295349
294|7,06|3,05413833556329|11,33|3,36783734210393|11,17|3,21374854699464
295|7,06|2,71619436633614|11,33|3,67862442806155|11,17|3,39955803047804
296|7,06|2,97283750874086|11,33|3,22012637132933|11,17|3,01022426171001
297|7,06|2,62740435815138|11,33|3,21999271053142|11,17|3,53540199718989
298|7,06|3,04351887423886|11,33|3,02549377624146|11,17|3,40768644982859
299|7,06|2,89738202856333|11,33|2,98742942583287|11,17|3,61825558856811
300|7,06|2,85064619961719|11,33|2,9772328446419|11,17|3,40209794325297
301|7,06|3,16288410886884|11,33|3,51319215900852|11,17|3,22585501120481
302|7,06|2,92878071310437|11,33|3,15635153751648|11,17|3,38339255329572
303|7,06|2,67609242235628|11,33|3,7492614930866|11,17|3,41997553107647
304|7,06|2,83741836948891|11,33|3,862909505102|11,17|3,56097592872859
305|7,06|3,01993243367595|11,33|3,50810265204277|11,17|3,11650047951352
306|7,06|2,99822453344516|11,33|3,27256216825225|11,17|3,1753039262911
307|7,06|3,13642113989939|11,33|3,22869670130991|11,17|3,41074166092631
308|7,06|3,00798223555437|11,33|3,3891650057323|11,17|3,60277532988918
309|7,06|2,77968423824079|11,33|3,8796002123883|11,17|3,38120411484422
310|7,06|2,82520877384949|11,33|3,1936765217236|11,17|2,88710449632968
311|7,06|2,86769877311216|11,33|3,29345813947467|11,17|3,37341324431109
312|7,06|2,76094443056325|11,33|3,43577119645973|11,17|3,44255608343012
313|7,06|2,91648353157326|11,33|3,67405270013801|11,17|3,2393440701004
314|7,06|2,73317374971155|11,33|3,15625689808646|11,17|2,89218352023372
315|7,06|3,25320336396903|11,33|3,42311625822077|11,17|3,24986650052816
316|7,06|2,97195299945744|11,33|3,42407785744431|11,17|3,68138932121462
317|7,06|2,88615457560766|11,33|3,43716510884481|11,17|3,68844085972468
318|7,06|3,017403526496|11,33|3,23621272585193|11,17|3,13862766459785
319|7,06|2,94552504016885|11,33|3,48696063186574|11,17|3,42944921705524
320|7,06|2,93056059493253|11,33|3,13084231109001|11,17|3,32133571255424
321|7,06|2,83280646452348|11,33|3,24546097874546|11,17|3,051860216218
322|7,06|2,95945824224544|11,33|3,04066478624019|11,17|3,11291487566833
323|7,06|2,97842412360141|11,33|3,10265826657378|11,17|3,15371744207671
324|7,06|2,94706193378375|11,33|3,4844409967443|11,17|2,68517455284118
325|7,06|2,7060163902566|11,33|3,39765903683464|11,17|3,59084435696314
326|7,06|3,17751242083097|11,33|3,53420982809898|11,17|3,22659010382414
327|7,06|3,1261790942663|11,33|3,28946359472674|11,17|3,31620501438942
328|7,06|2,80631395297491|11,33|3,21111380102265|11,17|3,31992474802622
329|7,06|2,72952581588494|11,33|3,44812777183101|11,17|3,15254326526618
330|7,06|2,85977734367556|11,33|3,17874000208445|11,17|3,48820539922969
331|7,06|2,82187720137197|11,33|3,42645724749141|11,17|3,39822507992983
332|7,06|3,06578216027773|11,33|3,76240657354077|11,17|3,19006151212414
333|7,06|2,90352735520124|11,33|3,55330084356149|11,17|3,58253157625773
334|7,06|2,8235645958557|11,33|3,28574740397933|11,17|3,47980099624362
335|7,06|2,8562795997047|11,33|3,47434653189194|11,17|3,47679759788589
336|7,06|2,78819982419898|11,33|3,26956207608499|11,17|3,19261372391161
337|7,06|2,86147650670679|11,33|3,21446407480637|11,17|3,31100091746019
338|7,06|2,79551260685034|11,33|3,84829791366284|11,17|3,19809135478029
339|7,06|3,06771038946533|11,33|3,47190230949345|11,17|3,31764083742554
340|7,06|2,8553295935686|11,33|3,33032890098649|11,17|3,24613837719054
341|7,06|2,8114573691903|11,33|3,27863948547273|11,17|3,36606208187719
342|7,06|2,82331114242559|11,33|3,46634441805142|11,17|3,39634613883968
343|7,06|2,6765913147736|11,33|3,53908449733624|11,17|3,4132151891345
344|7,06|2,80828226428363|11,33|3,53562443971365|11,17|3,05527336189679
345|7,06|2,78985807375561|11,33|3,29636400729988|11,17|3,417475098206
346|7,06|2,82659638814035|11,33|3,55595896349055|11,17|3,0555646151189
347|7,06|2,78525007536418|11,33|3,74219540694568|11,17|3,43295112749883
348|7,06|2,90119441645019|11,33|3,28224588217628|11,17|3,31374791314079
349|7,06|2,59463768461425|11,33|2,88129919999251|11,17|3,48071450063864
350|7,06|3,09695448539925|11,33|3,52101796672779|11,17|3,34937751207399
351|7,06|2,71306420602865|11,33|3,29816488165854|11,17|2,96538086568446
352|7,06|2,75626272535579|11,33|3,46073042736658|11,17|3,1920899800796
353|7,06|2,77223827339752|11,33|2,59864262226286|11,17|3,2912455657615
354|7,06|3,0757075064108|11,33|3,5840257752413|11,17|3,45973246751936
355|7,06|2,8915827069201|11,33|2,97545105801448|11,17|3,18607377247861
356|7,06|2,88635852158196|11,33|3,26834604489471|11,17|3,56152242307024
357|7,06|2,95516215678279|11,33|3,68228814837882|11,17|3,2144387658856
358|7,06|2,83258784489562|11,33|3,10397107481079|11,17|3,64154473171817
359|7,06|2,55057767628938|11,33|3,05233614759256|11,17|3,48462126690913
360|7,06|2,87652940924734|11,33|3,56993324919355|11,17|3,22771818183138
361|7,06|2,72072932376|11,33|3,23118124756867|11,17|3,12459307495942
362|7,06|2,75291078901307|11,33|3,70615496272997|11,17|3,6704516488193
363|7,06|2,84691850539053|11,33|3,31174606493804|11,17|3,22676942064268
364|7,06|2,94003220626589|11,33|3,21134469564431|11,17|3,67125098506615
365|7,06|2,74872069289433|11,33|3,22828486632821|11,17|3,48494644342291
366|7,06|3,03439421602119|11,33|3,27416483713602|11,17|3,25529710575155
367|7,06|2,91550714749375|11,33|3,11320001027078|11,17|3,26730889741144
368|7,06|3,065641710484|11,33|3,58079404669949|11,17|3,16865711266603
369|7,06|3,01722432635364|11,33|3,53129806918929|11,17|3,25083040505741
370|7,06|2,79331202560942|11,33|3,53733790928442|11,17|3,68912804773553
371|7,06|2,62740323290872|11,33|3,9076133203181|11,17|3,13057438696878
372|7,06|2,94227736004122|11,33|3,14034807539307|11,17|3,62460034299221
373|7,06|3,02821093645127|11,33|3,75999256983845|11,17|3,33043047143406
374|7,06|2,64242110141529|11,33|2,99066313043003|11,17|3,42558197548265
375|7,06|2,87168119456943|11,33|3,57337071974347|11,17|3,21998180982916
376|7,06|3,15038925057234|11,33|3,40828982920854|11,17|3,42261107850381
377|7,06|2,61512249202904|11,33|3,34024885849304|11,17|3,18109995773317
378|7,06|2,50945111732138|11,33|3,70290562329386|11,17|3,33576190448793
379|7,06|2,54751685339686|11,33|3,31548018255871|11,17|3,0035528040693
380|7,06|2,76466904772185|11,33|3,43128289940199|11,17|2,83865202217078
381|7,06|2,72482293123659|11,33|3,43822596680982|11,17|3,28404145398217
382|7,06|2,63326594194093|11,33|3,01971028076191|11,17|3,56406557081249
383|7,06|3,15766758418143|11,33|3,24014839165629|11,17|3,58831002107071
384|7,06|2,88514150748491|11,33|3,16115173968826|11,17|3,27055932380986
385|7,06|2,80411978432217|11,33|3,36841075751922|11,17|3,36957197059083
386|7,06|2,92286442286038|11,33|3,36558682382666|11,17|2,92250023147212
387|7,06|2,69541729472679|11,33|3,24927264894233|11,17|3,57093096663887
388|7,06|2,87001653465812|11,33|3,55037624885706|11,17|3,47961914230028
389|7,06|2,89167162387958|11,33|3,44173753456891|11,17|3,32126485839706
390|7,06|3,10411053989004|11,33|3,39499356548617|11,17|3,34027956414657
391|7,06|2,79275463898229|11,33|3,80326536185629|11,17|3,29386437587642
392|7,06|2,7338758985393|11,33|3,05925091054242|11,17|3,4294906544674
393|7,06|3,24113455479779|11,33|3,40681267155885|11,17|3,18335595654667
394|7,06|3,06330588551823|11,33|3,23329070546711|11,17|3,00230120506627
395|7,06|2,65064547567135|11,33|3,41846360574303|11,17|3,36222159294556
396|7,06|2,51565909749787|11,33|3,51434523642309|11,17|3,28480561651735
397|7,06|3,24958756517166|11,33|3,42064004560887|11,17|3,43411163792738
398|7,06|3,07967686929025|11,33|3,15092391189451|11,17|3,04864420849373
399|7,06|2,98420116965862|11,33|3,68592275294854|11,17|2,98010632071731
400|7,06|3,00916022405835|11,33|3,70268572913026|11,17|3,2156306079594
401|7,06|2,88666664903139|11,33|3,76024659967858|11,17|3,04856019079871
402|7,06|2,67713560248779|11,33|2,86698618768647|11,17|3,21870013680107
403|7,06|2,76454455258808|11,33|3,30010322888887|11,17|3,02688514406558
404|7,06|2,62078003951358|11,33|3,24985282015793|11,17|3,53468266624009
405|7,06|3,0314197388303|11,33|3,42980230852372|11,17|3,32247152941365
406|7,06|2,82207611744954|11,33|3,627595272079|11,17|3,309677461275
407|7,06|3,16747437388307|11,33|3,02887845880884|11,17|2,97920090370613
408|7,06|2,81691325935121|11,33|3,28454025582028|11,17|3,24016934316296
409|7,06|2,60306989744907|11,33|3,16634498357073|11,17|3,28363598343851
410|7,06|3,01739475272314|11,33|3,2943466604313|11,17|3,43101474162505
411|7,06|2,88496991635625|11,33|3,51747915682019|11,17|3,3081980861002
412|7,06|2,89328728529113|11,33|3,23302070658343|11,17|2,99168505063337
413|7,06|2,77442553764695|11,33|3,04950234963359|11,17|3,25804991424028
414|7,06|2,83893078744047|11,33|3,49310648032221|11,17|2,86885774177376
415|7,06|2,75135112036518|11,33|3,33438509893734|11,17|3,48520126309274
416|7,06|2,8453268853806|11,33|3,15756482220921|11,17|3,31366922814808
417|7,06|2,85426135746867|11,33|3,08051497931167|11,17|3,17377695583843
418|7,06|3,01665707649415|11,33|3,0857213164141|11,17|3,55905244151195
419|7,06|3,11602816833813|11,33|3,20149993384482|11,17|3,34392703808287
420|7,06|2,98412696991053|11,33|3,432802621008|11,17|3,11095452887415
421|7,06|2,88573518729111|11,33|3,29694855991125|11,17|3,23962235085564
422|7,06|2,88208929434225|11,33|3,49688416174261|11,17|3,3814334867703
423|7,06|2,93163024412937|11,33|3,46210353043203|11,17|3,65927565934104
424|7,06|2,83631086437972|11,33|3,2658377770709|11,17|2,8435469580613
425|7,06|2,72950810990165|11,33|3,57929932657656|11,17|3,00231678468694
426|7,06|2,75725428969487|11,33|3,6103295064629|11,17|3,5139231096162
427|7,06|3,11001760279814|11,33|3,27357290474651|11,17|3,29165186086979
428|7,06|2,51426588167391|11,33|3,38818919019209|11,17|3,47259887670747
429|7,06|2,89771826669012|11,33|3,51490183883314|11,17|3,40879008005854
430|7,06|2,80865244903639|11,33|3,39055313409607|11,17|3,29698839680803
431|7,06|2,73949126175048|11,33|2,80749973328696|11,17|3,18763037871529
432|7,06|3,2606480705495|11,33|3,33875021446679|11,17|2,7889806253309
433|7,06|2,89198263347635|11,33|3,30646982820471|11,17|3,14290879020563
434|7,06|2,86951713646105|11,33|3,68919333693348|11,17|2,56201134842793
435|7,06|2,94684632911318|11,33|3,3215145406785|11,17|3,58258003134632
436|7,06|2,87975247173308|11,33|3,62812167479076|11,17|3,43522499453615
437|7,06|2,86298246024433|11,33|3,79244603440651|11,17|3,29274144823105
438|7,06|2,89900308857864|11,33|3,11199398230356|11,17|3,37717685368769
439|7,06|3,04737956466267|11,33|3,45825700341181|11,17|3,46308221109328
440|7,06|2,77110528636236|11,33|3,12866964318337|11,17|3,55867205339589
441|7,06|2,86617391071266|11,33|3,10761788421885|11,17|3,37032218543292
442|7,06|2,67659958003765|11,33|3,53899794429823|11,17|3,45997541754326
443|7,06|3,09874349959917|11,33|3,57934137937733|11,17|3,34080983347458
444|7,06|2,7660948310909|11,33|3,33486730055506|11,17|3,49756086154246
445|7,06|3,2000966128208|11,33|3,38010226213913|11,17|3,16312132890566
446|7,06|2,87896598830045|11,33|3,53301762601246|11,17|3,1665361249485
447|7,06|2,94586147613408|11,33|3,44412273331494|11,17|3,38066607493083
448|7,06|3,16155206889132|11,33|3,67632134948614|11,17|3,04811951327389
449|7,06|2,93016942571252|11,33|3,4599663628402|11,17|3,19725612899957
450|7,06|3,18643402488831|11,33|2,99749445032419|11,17|3,16154090113596
451|7,06|2,91635860371323|11,33|3,19433542545738|11,17|3,24483211634629
452|7,06|3,14426551692627|11,33|3,46069496748067|11,17|2,87875183871244
453|7,06|3,02130876085312|11,33|3,30185901651201|11,17|3,40244464830069
454|7,06|3,09994949371059|11,33|3,32809589756009|11,17|3,26926052947905
455|7,06|2,89137446484175|11,33|3,32574911989995|11,17|3,43627322840202
456|7,06|2,91442941466513|11,33|3,63679717171517|11,17|3,40605635140534
457|7,06|2,8613049325506|11,33|3,795719009896|11,17|3,28465202531011
458|7,06|2,94721814648359|11,33|3,4517536393263|11,17|3,57094372375323
459|7,06|2,81673364058442|11,33|3,52965780746386|11,17|3,36719550591614
460|7,06|2,95337138623553|11,33|3,68389628378904|11,17|3,03918663969877
461|7,06|2,72147632256113|11,33|3,1495967186157|11,17|3,31965773775869
462|7,06|2,82016966941186|11,33|3,39020553204853|11,17|2,93008663683296
463|7,06|3,06672364637856|11,33|3,5782223325527|11,17|3,01862366291278
464|7,06|2,91536261802573|11,33|3,43098536205315|11,17|3,15854660656095
465|7,06|2,90729506980177|11,33|3,76312291742505|11,17|3,24297547998304
466|7,06|3,23194916890827|11,33|3,43889003850335|11,17|3,26689340109427
467|7,06|2,82903504668237|11,33|3,17727928782351|11,17|3,36490134161396
468|7,06|3,02566038471622|11,33|3,62004461390532|11,17|3,39493992331371
469|7,06|2,84510858910064|11,33|3,29608246139854|11,17|3,03015723389734
470|7,06|2,67283584299791|11,33|3,02048772856159|11,17|3,26746117090775
471|7,06|2,89491971642748|11,33|3,11269773478545|11,17|2,87451096871159
472|7,06|2,90607341765503|11,33|2,98046502293616|11,17|3,15344679429203
473|7,06|2,92695272572649|11,33|3,28918729242577|11,17|3,61005960133399
474|7,06|2,89494737516507|11,33|3,26700584421965|11,17|2,9914277185643
475|7,06|3,03326150216042|11,33|3,10136042108335|11,17|3,53967003404436
476|7,06|2,53478537827359|11,33|3,19662401015015|11,17|3,37994576302313
477|7,06|2,91755599075447|11,33|3,22255018861218|11,17|3,40440131788192
478|7,06|2,93958196420516|11,33|3,4159152256526|11,17|3,4479071916917
479|7,06|2,99463109574302|11,33|3,15750736544704|11,17|3,42513305858931
480|7,06|2,77522561887755|11,33|3,10017209830803|11,17|3,38505767380194
481|7,06|2,68980844561241|11,33|3,28674437051113|11,17|3,11721110361697
482|7,06|3,02140890987448|11,33|3,42231118373449|11,17|3,29082326898159
483|7,06|2,95638446270547|11,33|3,79512427930936|11,17|3,35082942030934
484|7,06|2,90669671063035|11,33|3,48877639744534|11,17|3,55291881657096
485|7,06|2,87353945425854|11,33|3,23898792188048|11,17|3,66189261486524
486|7,06|3,02073829291476|11,33|3,56401127532102|11,17|3,34878972948233
487|7,06|2,82339811786876|11,33|3,32175099923052|11,17|3,22450488666834
488|7,06|2,74439847731853|11,33|3,10521420926735|11,17|3,34794346701391
489|7,06|2,89503635189197|11,33|3,12583626677743|11,17|3,29847619576506
490|7,06|2,97383374096627|11,33|3,56085463716353|11,17|3,02057054334367
491|7,06|2,71729450588775|11,33|3,75288792911943|11,17|3,3724498406221
492|7,06|2,93249520028664|11,33|3,59388271603365|11,17|2,54857381578771
493|7,06|2,39605288356929|11,33|3,63146318235466|11,17|3,54720242383065
494|7,06|2,71958842927956|11,33|3,28418587459848|11,17|3,07287821344983
495|7,06|3,10967908399285|11,33|3,15969339987938|11,17|2,95386316929843
496|7,06|2,83864036017939|11,33|3,19056061906313|11,17|3,27742202089265
497|7,06|3,06312069212002|11,33|3,11577328136833|11,17|3,30272520079537
498|7,06|2,84746448647899|11,33|3,34851096999089|11,17|3,1098041133933
499|7,06|2,79960339113965|11,33|3,51118823000939|11,17|3,40901142629572
500|7,06|2,84839984255938|11,33|2,79739602167874|11,17|3,54758447857275
501|7,06|2,84801390626633|11,33|3,11571900950817|11,17|3,27885735656643
502|7,06|2,77041912884541|11,33|3,27916283478479|11,17|3,36087683568829
503|7,06|2,75649694166559|11,33|2,97660652672168|11,17|3,2837790792322
504|7,06|2,9751161545884|11,33|3,23980282125537|11,17|3,47469956092714
505|7,06|2,81065368761744|11,33|3,32801357457901|11,17|3,22733934374565
506|7,06|3,05583720975486|11,33|3,03503190919338|11,17|3,53746328496279
507|7,06|3,23813832537762|11,33|3,39043882844153|11,17|3,33536838042194
508|7,06|2,90750340459975|11,33|3,36429836365499|11,17|3,23217439676063
509|7,06|2,80007264126343|11,33|3,99817332344631|11,17|3,81586974605814
510|7,06|2,78296372385868|11,33|2,68800573426582|11,17|2,59898961149058
511|7,06|3,04176933163369|11,33|3,52534125553894|11,17|2,98871888891833
512|7,06|2,90954271163762|11,33|3,43662200971659|11,17|3,52907322183837
513|7,06|2,89915387270138|11,33|3,21202448020039|11,17|3,36553649760011
514|7,06|3,01499278284761|11,33|3,43799529385622|11,17|3,34349066471621
515|7,06|2,89717162738179|11,33|3,49162181696439|11,17|3,19451217675262
516|7,06|2,9115621903474|11,33|3,68296617243142|11,17|3,49426462888911
517|7,06|3,06185984037026|11,33|3,38354963229955|11,17|3,08087298861692
518|7,06|2,92986951637677|11,33|3,45592748472587|11,17|3,45119267596386
519|7,06|2,65958970783879|11,33|3,61190652742671|11,17|3,54625244540583
520|7,06|2,86381859242806|11,33|3,38864515780462|11,17|3,41312630114747
521|7,06|2,88854730548715|11,33|3,41046652035873|11,17|3,44634100123682
522|7,06|2,77586779827673|11,33|3,15151015192897|11,17|3,46744010449231
523|7,06|2,88894571962913|11,33|3,61394478238575|11,17|3,39724250841608
524|7,06|2,88738462864387|11,33|3,12964217836448|11,17|3,22528391680139
525|7,06|2,78484019726136|11,33|3,35166011665244|11,17|3,27567931815072
526|7,06|3,10178844467031|11,33|3,36024618188352|11,17|3,39104479824845
527|7,06|2,76249469193728|11,33|3,01663446209837|11,17|3,35364904707231
528|7,06|2,78101271796821|11,33|3,19035548086287|11,17|3,12067811545557
529|7,06|3,11372824855467|11,33|3,17679836680134|11,17|3,22347663219341
530|7,06|2,86062621421252|11,33|3,7115175755982|11,17|3,19652387476803
531|7,06|3,03951549245456|11,33|3,21441820206146|11,17|3,11129612380093
532|7,06|2,66408930736812|11,33|3,5207525482712|11,17|3,28596013772511
533|7,06|2,96595227565999|11,33|3,29871714105138|11,17|3,50048486250843
534|7,06|2,70107665271851|11,33|3,40004463664119|11,17|3,27983684637274
535|7,06|3,20904296527747|11,33|2,97831676578509|11,17|3,19943195939634
536|7,06|2,95931736635888|11,33|3,15061569387036|11,17|3,35354321517919
537|7,06|2,7868213146059|11,33|3,38144450557813|11,17|3,2470050779673
538|7,06|2,93183878907861|11,33|3,42042858526534|11,17|3,57124314169064
539|7,06|2,74772427872032|11,33|3,38020690134788|11,17|3,31669366356552
540|7,06|2,38655582815338|11,33|3,60215841196227|11,17|3,40562271430402
541|7,06|2,69768583557833|11,33|3,75953975080912|11,17|3,43837495712761
542|7,06|2,85334636633131|11,33|3,50500378471092|11,17|2,9355826281287
543|7,06|3,10978166877892|11,33|2,90413850730645|11,17|3,53114774919894
544|7,06|2,9206070013643|11,33|3,07396591940661|11,17|3,13988410775687
545|7,06|2,92927687759874|11,33|3,66322413378835|11,17|3,11142180644975
546|7,06|2,87478230971827|11,33|3,15107471363521|11,17|3,12622985324813
547|7,06|2,96930355287266|11,33|3,15343192254969|11,17|3,08753136908175
548|7,06|2,94513972184879|11,33|2,98851565825643|11,17|3,08330001978731
549|7,06|2,88387316631071|11,33|3,27229859921149|11,17|3,16508607251592
550|7,06|2,93340705268048|11,33|3,30427400816268|11,17|3,33081070688342
551|7,06|2,88228776785537|11,33|3,1848796222135|11,17|2,88653977903262
552|7,06|2,95865207257559|11,33|3,36085654467836|11,17|3,38180311048402
553|7,06|3,1054750935101|11,33|3,0925769632625|11,17|3,20387095781003
554|7,06|2,74810864432603|11,33|3,48667444704583|11,17|3,24521093431793
555|7,06|2,97996088769353|11,33|3,33574952121201|11,17|3,5135120171086
556|7,06|2,91824095996843|11,33|3,22469373539358|11,17|3,64538614527252
557|7,06|2,97867219237411|11,33|3,32688208284378|11,17|3,66896006805264
558|7,06|3,03943937210323|11,33|3,21099480582252|11,17|3,05493304577397
559|7,06|2,80624600521026|11,33|3,33113052849825|11,17|3,06129108582725
560|7,06|3,02010647547998|11,33|2,97826638096573|11,17|3,08231117327967
561|7,06|3,08562940308936|11,33|3,76068721772535|11,17|3,46472129843776
562|7,06|3,0779306091262|11,33|3,18435469848851|11,17|3,10364682340723
563|7,06|3,01940747653285|11,33|3,09269482278298|11,17|3,41902620795645
564|7,06|3,02521008403383|11,33|3,70343679744201|11,17|3,10492661548555
565|7,06|3,19447238326187|11,33|3,09979303643269|11,17|3,57836379322012
566|7,06|2,80528046282932|11,33|2,97617091639768|11,17|3,33799654896709
567|7,06|2,86379692561331|11,33|3,65605378180345|11,17|3,28928198510201
568|7,06|2,57033614043209|11,33|3,03094395874073|11,17|3,39249310550388
569|7,06|3,00702869125603|11,33|3,31792464213654|11,17|3,18679020234466
570|7,06|2,36093002316067|11,33|3,29592245505989|11,17|3,16785511245945
571|7,06|2,69588417780977|11,33|3,34693976134852|11,17|3,58714248912839
572|7,06|2,93473068834668|11,33|2,98704471186699|11,17|3,06124454900387
573|7,06|2,84846900499117|11,33|3,19367008054015|11,17|3,31163761228143
574|7,06|2,97746451673402|11,33|3,12893158970172|11,17|3,2662095961094
575|7,06|3,09313598699139|11,33|3,16740930307944|11,17|3,44930563067786
576|7,06|2,75251953091966|11,33|3,19269031335423|11,17|3,4045607659502
577|7,06|2,91093247554124|11,33|3,4317287678432|11,17|2,97167513445031
578|7,06|2,71199188052401|11,33|3,0925711210674|11,17|3,32116045929912
579|7,06|3,12441801289205|11,33|3,18224666273152|11,17|3,3749061400391
580|7,06|2,97103252809552|11,33|3,42360255513117|11,17|3,5135096928115
581|7,06|2,84083347106672|11,33|3,1863206893842|11,17|3,08978798662575
582|7,06|3,02715670945538|11,33|2,83744666763464|11,17|3,08056912437694
583|7,06|2,97061672109794|11,33|3,41280079801599|11,17|3,50802826440053
584|7,06|2,77045604144347|11,33|3,56920890782102|11,17|3,49706114221558
585|7,06|2,75082480751424|11,33|3,0594466475892|11,17|3,2357733449315
586|7,06|2,85084514410724|11,33|3,71497429932094|11,17|3,26191926988486
587|7,06|2,80052077183509|11,33|3,64717011771957|11,17|3,527283072103
588|7,06|2,70441446364166|11,33|3,4099425262614|11,17|3,45956707440323
589|7,06|3,06976837347918|11,33|3,18949870314908|11,17|3,42691029079035
590|7,06|2,83266714224923|11,33|3,39067306290904|11,17|3,24757505754731
591|7,06|2,6204186212447|11,33|3,52153975757183|11,17|3,15776443785417
592|7,06|2,957715243909|11,33|3,72675811945703|11,17|3,44603837384967
593|7,06|3,04678855648254|11,33|3,36591023013437|11,17|3,50081231536809
594|7,06|3,05277788105578|11,33|3,27201095252044|11,17|3,44463252150235
595|7,06|2,94847728200918|11,33|3,53890468068899|11,17|3,72457304390764
596|7,06|2,94687797458008|11,33|3,71548486363326|11,17|3,30365839814197
597|7,06|3,1167166075982|11,33|3,66471026270148|11,17|3,22734599954362
598|7,06|2,80783920528539|11,33|3,2586482969219|11,17|3,4669342362658
599|7,06|3,05072184231234|11,33|3,15525464771328|11,17|3,30176913294903
600|7,06|2,68645980044725|11,33|3,43590113236907|11,17|3,38077661005724
601|7,06|2,83430355914939|11,33|3,15041755889382|11,17|3,26770616987347
602|7,06|3,04353329827519|11,33|3,80516783010636|11,17|3,13796861552916
603|7,06|2,87434046051936|11,33|2,99363277226308|11,17|3,59583024976137
604|7,06|3,00573025171886|11,33|3,49026855082202|11,17|2,60234415177566
605|7,06|2,92572413893132|11,33|3,07602848302737|11,17|3,14467813395412
606|7,06|3,11035542357149|11,33|3,26993466199559|11,17|3,2083196303495
607|7,06|2,941821969471|11,33|2,96337441604667|11,17|3,45437040806831
608|7,06|2,97048716132391|11,33|3,32578961950768|11,17|3,5263354241801
609|7,06|2,98189236086143|11,33|3,11921222195622|11,17|2,93313182608941
610|7,06|2,96125871704809|11,33|3,56350857523965|11,17|3,34411081097018
611|7,06|2,86991289279385|11,33|3,44644438549289|11,17|3,44674902600931
612|7,06|2,96334983560708|11,33|3,41002024763903|11,17|3,2809423662408
613|7,06|2,95003788407597|11,33|2,84081817171751|11,17|3,36717151252646
614|7,06|3,04297096191849|11,33|3,28713987536388|11,17|3,41159814771114
615|7,06|2,66838888160625|11,33|3,22786639488743|11,17|3,0885221305455
616|7,06|3,00030427959178|11,33|3,64669411201158|11,17|3,14547004983222
617|7,06|2,99857040040126|11,33|2,97217278716012|11,17|3,29636403330048
618|7,06|2,60653008753514|11,33|3,41156826519849|11,17|3,08973021072138
619|7,06|2,64049692211297|11,33|3,69517973293178|11,17|3,05211793541711
620|7,06|2,80872799536155|11,33|3,48170817766278|11,17|3,47083140405865
621|7,06|2,80600175579998|11,33|3,44788868250773|11,17|3,50828543038279
622|7,06|2,65349638366961|11,33|3,21599637218738|11,17|3,27816180505539
623|7,06|2,76900155223131|11,33|3,19648278094599|11,17|3,31870511811179
624|7,06|3,06634248749088|11,33|3,27318898906928|11,17|3,7376105843583
625|7,06|3,09525634492291|11,33|3,25878016899703|11,17|3,3678008486424
626|7,06|2,62916988860195|11,33|2,96436932700252|11,17|3,14122730306681
627|7,06|2,80809474287769|11,33|3,2161625908106|11,17|3,59701601695605
628|7,06|2,962183392116|11,33|3,2090416876758|11,17|3,47457282476407
629|7,06|2,81066228505217|11,33|3,68657374504216|11,17|3,37858257778936
630|7,06|3,0231819805975|11,33|3,43347177285625|11,17|3,31016335196934
631|7,06|3,00283369529238|11,33|3,27502415702899|11,17|3,25465099018138
632|7,06|3,24369422561935|11,33|2,97065393105903|11,17|3,03055313219294
633|7,06|3,14347199531245|11,33|3,39149130118404|11,17|3,0746989691463
634|7,06|2,72538272943779|11,33|3,33302669133798|11,17|3,14092973410175
635|7,06|3,3586138253207|11,33|3,4433787443723|11,17|3,39985689217051
636|7,06|2,98263678622703|11,33|3,62748269403715|11,17|3,4844637088115
637|7,06|2,77868208274587|11,33|3,22413577961418|11,17|3,1285056688026
638|7,06|3,16816384559706|11,33|3,18956347094575|11,17|3,58289585227639
639|7,06|2,94781163410274|11,33|3,03376635554189|11,17|2,86008824746148
640|7,06|2,94009771769139|11,33|3,17936081163375|11,17|3,52538942818701
641|7,06|2,68702315951046|11,33|3,22381432295784|11,17|3,11522569859692
642|7,06|2,97840628266958|11,33|3,21656328816187|11,17|3,36300291975785
643|7,06|2,79517135266897|11,33|3,08774009341718|11,17|3,45691449141715
644|7,06|3,1245399079894|11,33|3,49187393384872|11,17|3,69955060834847
645|7,06|2,81541005016057|11,33|3,33173549469624|11,17|3,42712679873119
646|7,06|2,92248637275554|11,33|3,54831457125391|11,17|3,07823131031729
647|7,06|2,76163620339745|11,33|3,31535734030364|11,17|3,58335648857849
648|7,06|2,87783412419452|11,33|3,72656499641718|11,17|3,42298490648927
649|7,06|2,78975040330922|11,33|3,31842410581291|11,17|3,14090214167331
650|7,06|3,02904253916321|11,33|3,50145402179112|11,17|3,15972989958961
651|7,06|2,78746980476799|11,33|3,40076688618983|11,17|3,30476025685642
652|7,06|2,82263073795624|11,33|3,30702498932941|11,17|3,24634024843739
653|7,06|3,14311918021054|11,33|3,00541307833107|11,17|2,8764664065689
654|7,06|2,93126504538592|11,33|3,37013604025981|11,17|3,3503270498936
655|7,06|2,86227824846325|11,33|3,48382320861694|11,17|3,4422633100354
656|7,06|2,78737573341542|11,33|3,32863034222377|11,17|3,42297539584155
657|7,06|2,87050784809993|11,33|3,70945694895529|11,17|3,53403012255042
658|7,06|3,41257648161321|11,33|3,70044413224226|11,17|3,42600947369124
659|7,06|3,18835132741228|11,33|3,15466131493362|11,17|3,66981910786073
660|7,06|2,79830005959615|11,33|3,44406929525664|11,17|3,41924559087611
661|7,06|3,1765005190184|11,33|3,38115694711487|11,17|3,43567352019507
662|7,06|2,92886858163738|11,33|3,28869355043089|11,17|3,33933259090313
663|7,06|2,83266504344752|11,33|3,3690319178684|11,17|2,92620997513471
664|7,06|2,82508709025124|11,33|3,55236506189954|11,17|3,43071801902663
665|7,06|2,8992516473879|11,33|3,58294753173112|11,17|2,96221179770689
666|7,06|2,65405826906418|11,33|3,2190033529215|11,17|3,15967351526558
667|7,06|3,01140138688494|11,33|3,24886414849891|11,17|3,58354752544735
668|7,06|2,82136982094798|11,33|3,60076333514013|11,17|3,32720689126939
669|7,06|2,6540867908271|11,33|3,30046877712813|11,17|3,69634880262177
670|7,06|2,72395036311021|11,33|3,82224963854249|11,17|3,17397094054303
671|7,06|3,24410498527797|11,33|3,14585812002257|11,17|3,27130952352611
672|7,06|2,88264935237988|11,33|3,31864060699883|11,17|3,13680035076808
673|7,06|2,80128061316523|11,33|3,00594800009951|11,17|3,43287334174041
674|7,06|2,4331464752725|11,33|3,54045095758753|11,17|3,25309828246077
675|7,06|2,82696540815491|11,33|3,63420708511606|11,17|3,27945413650219
676|7,06|2,90769028219168|11,33|3,39698810389753|11,17|3,03370444275203
677|7,06|2,93185339388898|11,33|3,23893676802907|11,17|3,14655922981521
678|7,06|2,90656479310325|11,33|3,06109371897965|11,17|3,52358098597189
679|7,06|2,90197853891072|11,33|3,24457907382539|11,17|3,34683271447448
680|7,06|2,736724826212|11,33|3,01666386403118|11,17|3,46500857938818
681|7,06|2,50521874835483|11,33|3,2280958353139|11,17|3,44676502140558
682|7,06|2,63203188113322|11,33|2,88289163811102|11,17|3,03755896014978
683|7,06|2,8193398833725|11,33|3,27601390979002|11,17|3,41021751914115
684|7,06|2,65808610833826|11,33|3,3295431374527|11,17|3,63887209959548
685|7,06|2,81865130093754|11,33|3,74486625356246|11,17|3,02272653611269
686|7,06|3,08634381004025|11,33|3,44419302151719|11,17|3,19690108931035
687|7,06|2,75613191629184|11,33|3,89818957214232|11,17|3,77700367891406
688|7,06|3,05160509772828|11,33|3,23586828123741|11,17|3,06377962675156
689|7,06|2,61039914011164|11,33|3,10141396348772|11,17|3,3017892381433
690|7,06|2,95653582012962|11,33|3,64256214019059|11,17|3,1384650643815
691|7,06|2,93444081761783|11,33|3,2087680760124|11,17|3,63363572870638
692|7,06|2,97963104816659|11,33|3,33787780901272|11,17|3,13600381528913
693|7,06|2,65225397314763|11,33|3,37366633677665|11,17|3,21707616626313
694|7,06|2,83082344573063|11,33|3,43607851199396|11,17|3,11405686865002
695|7,06|2,9134041058681|11,33|3,11182789624483|11,17|3,60994114206363
696|7,06|2,58091367247151|11,33|3,03855632990993|11,17|3,29915394910583
697|7,06|3,0065870892212|11,33|3,43839171872317|11,17|3,20087699872774
698|7,06|2,54880596387329|11,33|3,56245172639222|11,17|3,223074669365
699|7,06|2,91858970656881|11,33|3,04921808746233|11,17|3,21333221211969
700|7,06|2,82051099874621|11,33|3,44382243141797|11,17|3,37855429263736
701|7,06|2,9490787362857|11,33|3,1970184719229|11,17|3,44798994896291
702|7,06|2,87209464677528|11,33|3,31787678897449|11,17|3,49599116011261
703|7,06|3,44438051079716|11,33|3,25857854237379|11,17|3,08471244233972
704|7,06|2,6238664518268|11,33|3,18604954171803|11,17|3,83231459744973
705|7,06|2,75387942231535|11,33|3,53793626581331|11,17|3,21417522366029
706|7,06|2,98576314118217|11,33|3,06534571825071|11,17|3,49920066256542
707|7,06|2,86634957604011|11,33|3,29993481118424|11,17|3,5895795584387
708|7,06|2,85938630081091|11,33|3,28097917714046|11,17|3,33529544764045
709|7,06|2,84272514494423|11,33|3,33479580338674|11,17|3,06680378639294
710|7,06|3,30779764784702|11,33|3,1418346542209|11,17|2,74150844444333
711|7,06|3,17793022211098|11,33|3,59984651448204|11,17|3,29991895788972
712|7,06|2,93480983207734|11,33|3,30795878980147|11,17|3,57769020138623
713|7,06|2,81477400226261|11,33|2,90138491825889|11,17|2,90225638472905
714|7,06|3,01806793602946|11,33|3,03034817924048|11,17|3,18564690281158
715|7,06|2,54766040721047|11,33|3,25723216275498|11,17|3,47376066275096
716|7,06|2,3649491936654|11,33|3,25872397184326|11,17|3,36237698468538
717|7,06|2,70968779769041|11,33|3,17334640006|11,17|3,15303552351499
718|7,06|2,82700474576063|11,33|3,12271030747966|11,17|3,06007879736411
719|7,06|2,91546874918842|11,33|3,12756690822605|11,17|3,43590454385114
720|7,06|2,81561079640083|11,33|3,4172980088234|11,17|3,53250825781606
721|7,06|2,24406319247202|11,33|3,11359103764952|11,17|3,34648732574279
722|7,06|3,09115226043419|11,33|3,77642985819689|11,17|3,5054480341832
723|7,06|2,67896518811082|11,33|3,17523238539289|11,17|3,26427586009872
724|7,06|2,61917354962619|11,33|3,58876372650825|11,17|3,25348330099089
725|7,06|3,05753375424703|11,33|3,24443442958916|11,17|2,96458826840526
726|7,06|2,77890749337856|11,33|3,54983324077146|11,17|3,31718653801533
727|7,06|2,84931235995967|11,33|3,38322035624206|11,17|3,35003149653705
728|7,06|2,64956998498694|11,33|3,1175666921764|11,17|3,43199483108006
729|7,06|3,11083967803735|11,33|3,16603939203348|11,17|3,21581360052347
730|7,06|2,83835518480673|11,33|3,24748998319697|11,17|3,30207701236952
731|7,06|3,0220856092901|11,33|3,2858911579451|11,17|3,46035007987745
732|7,06|2,85174601656573|11,33|3,40501282025211|11,17|3,50320237671878
733|7,06|2,42039252067717|11,33|3,29981117622381|11,17|3,33345615201956
734|7,06|2,50010606756283|11,33|3,16356447172617|11,17|3,14194739986846
735|7,06|2,55343201998377|11,33|3,30753140185965|11,17|3,13277300278264
736|7,06|2,90448620117611|11,33|3,6523818236554|11,17|3,04702932964907
737|7,06|2,96501810599729|11,33|3,22171165743999|11,17|3,34051242288276
738|7,06|2,88181963313864|11,33|3,23527235218642|11,17|3,3768310372142
739|7,06|2,6115108624392|11,33|3,89649875468334|11,17|3,56463422821132
740|7,06|2,91464171743875|11,33|3,5310189624261|11,17|3,86853695428783
741|7,06|3,06115681054981|11,33|3,41862253219113|11,17|2,86695887151106
742|7,06|3,06372856083038|11,33|3,03269410134174|11,17|3,50434304092675
743|7,06|2,8903611903062|11,33|3,64808790461254|11,17|3,47729968970591
744|7,06|2,84721353627548|11,33|3,50978265421078|11,17|3,34116528786106
745|7,06|2,71661344681779|11,33|2,94143399536827|11,17|3,31925540945612
746|7,06|2,77592829034657|11,33|3,51823023665317|11,17|3,20259506680543
747|7,06|2,93170599717776|11,33|2,99012374519989|11,17|3,3977200766308
748|7,06|2,69445043575631|11,33|3,31761084244531|11,17|3,3207102085895
749|7,06|2,69945916768093|11,33|3,05092407196275|11,17|3,20955583758299
750|7,06|2,96291515219491|11,33|3,14801388518104|11,17|3,40227852302316
751|7,06|2,7070938101627|11,33|3,00078251171937|11,17|3,14508198733965
752|7,06|3,13760032848355|11,33|3,00816940065992|11,17|3,1363285615525
753|7,06|2,81921676592764|11,33|3,82024871690626|11,17|3,34077431658625
754|7,06|3,01475961357802|11,33|3,25284380574684|11,17|3,45111256522395
755|7,06|2,76041737031296|11,33|3,03436224515185|11,17|3,34939384010113
756|7,06|2,86509069763366|11,33|3,3797787007614|11,17|3,12743134724952
757|7,06|3,43357100906351|11,33|3,26654526665725|11,17|3,42955850797527
758|7,06|2,67168617533738|11,33|3,29139454787453|11,17|2,89344961596464
759|7,06|2,8899665013694|11,33|3,34077236025994|11,17|3,19941015856964
760|7,06|2,86892778897764|11,33|2,98494041236639|11,17|3,28043844952215
761|7,06|3,03987338396464|11,33|3,32895201337596|11,17|3,38604139712302
762|7,06|2,75952890074391|11,33|2,96596034882118|11,17|3,08926783449005
763|7,06|2,84260091446217|11,33|3,00025581555879|11,17|3,22645878606298
764|7,06|2,92452787647318|11,33|3,60691532706951|11,17|3,39860288356481
765|7,06|2,74001287795882|11,33|3,20996617935939|11,17|3,3058592520745
766|7,06|2,59893520708457|11,33|3,27835874983045|11,17|3,28952360958496
767|7,06|3,00509616639748|11,33|3,360087007513|11,17|3,06908772497993
768|7,06|2,905831534019|11,33|3,13577604876217|11,17|3,02595368287499
769|7,06|3,03620266311488|11,33|3,07505436288998|11,17|2,89845915665109
770|7,06|2,91299659253012|11,33|3,4557771328233|11,17|3,44075436694449
771|7,06|2,91515729891232|11,33|3,57730881344233|11,17|2,96517611912769
772|7,06|2,97879244386146|11,33|3,05901344573552|11,17|3,28454169691799
773|7,06|2,81755720429221|11,33|3,62586846815166|11,17|3,53062050185066
774|7,06|2,95328345752269|11,33|3,53262747054125|11,17|3,53793219301487
775|7,06|3,01265930225517|11,33|2,80669037604353|11,17|3,2734665299078
776|7,06|2,85902448385466|11,33|2,86992572779319|11,17|3,62819024385073
777|7,06|2,62522986477604|11,33|3,39865283159519|11,17|3,31627149122345
778|7,06|2,60553416184737|11,33|3,30751459412509|11,17|3,24490442921796
779|7,06|2,66092074979222|11,33|3,01444467047453|11,17|3,31688920096412
780|7,06|2,9581209838819|11,33|2,86869503825896|11,17|2,89615553433055
781|7,06|2,75576780662605|11,33|3,35486466495648|11,17|3,40652779381556
782|7,06|2,70326449866693|11,33|3,25275964356827|11,17|3,45623300660025
783|7,06|2,70107271420625|11,33|3,32875423502597|11,17|3,6021130189556
784|7,06|2,96584823025814|11,33|3,41028267976956|11,17|3,42053094942429
785|7,06|2,84275123889632|11,33|3,77573160843632|11,17|3,05779182609371
786|7,06|2,87013134086501|11,33|3,167399287941|11,17|3,21127873701601
787|7,06|2,7294868302018|11,33|3,14363681160379|11,17|3,26633173837453
788|7,06|2,95921919122284|11,33|2,75448626578136|11,17|3,31235607578509
789|7,06|2,88732962315931|11,33|3,74874026026065|11,17|3,61571633294411
790|7,06|2,94609397226859|11,33|3,55242964044806|11,17|3,37101469189729
791|7,06|2,80250572176826|11,33|3,37889712688344|11,17|3,36307272318003
792|7,06|2,98431104969602|11,33|3,27843458461584|11,17|3,53972432940947
793|7,06|2,97220710736514|11,33|3,30359340426673|11,17|3,31360316481024
794|7,06|2,48659213104951|11,33|3,03514477687078|11,17|2,86531350277794
795|7,06|2,89546755238268|11,33|3,07005659926712|11,17|3,62726473819554
796|7,06|3,06130373894599|11,33|3,16169126788053|11,17|2,96187486522301
797|7,06|2,88615974917793|11,33|3,15768195022051|11,17|3,28731428064591
798|7,06|2,86374704472013|11,33|3,18106276100609|11,17|3,24818270730584
799|7,06|2,80109066848961|11,33|3,25088098747147|11,17|3,66741754516176
800|7,06|3,07985320766298|11,33|3,20896296336487|11,17|2,94076623692979
801|7,06|3,03272547779914|11,33|3,30908210922779|11,17|3,27000236375638
802|7,06|2,793974752554|11,33|3,12280318329906|11,17|3,35663717484318
803|7,06|2,73581301613646|11,33|2,9798698965741|11,17|2,94487827662975
804|7,06|2,82686062118515|11,33|3,34324130414244|11,17|2,94453519474135
805|7,06|2,85354943921284|11,33|3,36807413239055|11,17|3,59881059873159
806|7,06|3,07978529964778|11,33|3,25523864893234|11,17|3,34805676772926
807|7,06|2,93484742344594|11,33|3,31244261127031|11,17|3,68067557641163
808|7,06|2,73049393829212|11,33|3,13797627074374|11,17|3,32569511602776
809|7,06|2,76913244086681|11,33|2,8971594288231|11,17|3,13470098271652
810|7,06|2,90295236590438|11,33|3,61966372504072|11,17|3,11668901420885
811|7,06|2,78560115683708|11,33|3,3884555867959|11,17|3,24831078738797
812|7,06|2,70996977097396|11,33|3,06601651159491|11,17|2,9652445214431
813|7,06|2,70151422325783|11,33|3,25878327820633|11,17|3,05335064988255
814|7,06|2,51465875017528|11,33|3,54496502241889|11,17|3,07451596194629
815|7,06|2,79744029157847|11,33|3,39308296084499|11,17|3,50398459500607
816|7,06|2,65052428310277|11,33|3,55134189416731|11,17|3,28405731896126
817|7,06|2,79771834640793|11,33|3,34600620131209|11,17|2,97299109879602
818|7,06|3,00917898303067|11,33|2,90223495624543|11,17|3,30661548226987
819|7,06|2,69923353795856|11,33|3,64599375761118|11,17|3,37249578637584
820|7,06|2,96784658910129|11,33|3,52228407400125|11,17|3,51727612545638
821|7,06|2,79608073147785|11,33|3,37932508531516|11,17|3,00646535365088
822|7,06|2,77416595630852|11,33|3,54000235658314|11,17|2,95318472056156
823|7,06|2,97294269694248|11,33|3,2963305013566|11,17|3,12234931301554
824|7,06|2,8289169535876|11,33|3,53859443817772|11,17|2,82060311663482
825|7,06|2,71435349661893|11,33|3,04486475074136|11,17|3,26105429431179
826|7,06|2,9263315512303|11,33|3,10058704686855|11,17|3,28392035396109
827|7,06|2,74336007881226|11,33|3,49400365066773|11,17|3,0834010585772
828|7,06|3,04159416179431|11,33|3,47458618860978|11,17|3,48823480396393
829|7,06|2,81064443453499|11,33|3,27224652034451|11,17|3,54946804106404
830|7,06|2,72980246418175|11,33|3,51527250644145|11,17|3,41167794086691
831|7,06|2,93762192471294|11,33|3,31727587671116|11,17|3,38224014784255
832|7,06|2,8376790624707|11,33|3,12099940907528|11,17|3,35116166466413
833|7,06|2,89108053269886|11,33|3,30240855167267|11,17|3,04715426393533
834|7,06|2,23504120373223|11,33|3,00561219915077|11,17|3,27045937451237
835|7,06|2,68869063413794|11,33|3,49726838490664|11,17|3,72782904982078
836|7,06|2,74898108820975|11,33|3,45836594645143|11,17|3,13068555228057
837|7,06|2,694111428096|11,33|3,66769436208211|11,17|3,39621603449143
838|7,06|2,97397639267367|11,33|2,92826888857148|11,17|3,49291156306837
839|7,06|3,04068669227382|11,33|3,22354341339942|11,17|3,4764339487919
840|7,06|2,78917658270451|11,33|3,16122147882388|11,17|3,3035298806818
841|7,06|2,69025826034875|11,33|3,51858505720937|11,17|3,45258398324288
842|7,06|2,7324064572177|11,33|3,58473358002211|11,17|3,55164676606462
843|7,06|2,84457264717463|11,33|3,04571254304077|11,17|3,09799442642422
844|7,06|2,81869472942177|11,33|3,53321011391957|11,17|3,55335413000963
845|7,06|2,87161951451491|11,33|3,14395096421014|11,17|3,67907434415209
846|7,06|2,78741279352414|11,33|2,91731933321729|11,17|3,24118063944291
847|7,06|2,52592252503639|11,33|3,5178482646911|11,17|3,35108475895846
848|7,06|3,02602987675793|11,33|3,34809608429141|11,17|3,19063186269573
849|7,06|2,77593056750852|11,33|3,67825674686373|11,17|2,87359386888205
850|7,06|2,93115299084089|11,33|3,08311234427986|11,17|3,46849090772889
851|7,06|2,6828328933787|11,33|3,1127084799525|11,17|3,69919042386676
852|7,06|2,97135554606925|11,33|3,59759857800512|11,17|3,19308564018437
853|7,06|2,79774655195276|11,33|3,42901237917237|11,17|3,29714195025602
854|7,06|2,88152128784646|11,33|3,37039929755793|11,17|3,70858629397484
855|7,06|2,89888169239578|11,33|2,90831886492357|11,17|3,46300374445941
856|7,06|2,64524513622295|11,33|3,34200449276797|11,17|3,20789427437366
857|7,06|2,96403210475714|11,33|3,15480846251476|11,17|3,49529311585921
858|7,06|3,01464579013018|11,33|3,48982427685152|11,17|3,62636860493888
859|7,06|2,83062514916681|11,33|3,62210375283109|11,17|3,26064720641589
860|7,06|2,55030638321211|11,33|3,20024708648395|11,17|3,4578589953601
861|7,06|2,90347381449097|11,33|3,24374851281386|11,17|3,16872928192164
862|7,06|2,63181490086045|11,33|3,28282655485143|11,17|3,15632340280168
863|7,06|3,12822404013552|11,33|3,41788831321256|11,17|3,5918780383613
864|7,06|2,46895724140918|11,33|3,15670916919959|11,17|3,25001002267264
865|7,06|2,83469869644686|11,33|3,15575555489649|11,17|3,46931767057521
866|7,06|2,7293113288748|11,33|3,305130739623|11,17|3,33619211572612
867|7,06|2,71409824081775|11,33|3,40989914208618|11,17|3,12241953899116
868|7,06|2,9649021651165|11,33|3,69628231311629|11,17|2,92683922326186
869|7,06|2,74385890841915|11,33|3,25228632498981|11,17|3,29823789782298
870|7,06|3,00983456236913|11,33|3,09058165835467|11,17|3,11262540155955
871|7,06|2,86350922940333|11,33|3,30068545408481|11,17|3,13108443010797
872|7,06|2,91903386292937|11,33|3,9605742474436|11,17|3,47002879517399
873|7,06|2,48033767246196|11,33|3,50219227205385|11,17|2,85104670637292
874|7,06|2,53060815174789|11,33|3,18345667738335|11,17|3,34014750363128
875|7,06|2,95903076544622|11,33|3,20110874040813|11,17|3,51528675008674
876|7,06|2,70042905318406|11,33|3,32816356939829|11,17|3,46946922057611
877|7,06|2,92119921189731|11,33|3,40044064023365|11,17|3,06316469874656
878|7,06|2,61464904154653|11,33|3,13250637754247|11,17|3,41426640892603
879|7,06|2,96433162919758|11,33|3,5208407054816|11,17|3,27949841225401
880|7,06|2,63428656283048|11,33|2,98985882698387|11,17|3,1354262606111
881|7,06|2,73659867740739|11,33|3,45189046876141|11,17|3,10350350368532
882|7,06|3,12087367423719|11,33|3,37242139357124|11,17|3,34729047531559
883|7,06|3,1373783220757|11,33|3,54568602704037|11,17|3,35285269779093
884|7,06|2,65533550231074|11,33|3,52445112300813|11,17|2,99058382424044
885|7,06|2,97431713130784|11,33|2,81268755680177|11,17|3,33417354627178
886|7,06|3,00916715834399|11,33|3,12890781485205|11,17|3,42560309302331
887|7,06|2,86859885724079|11,33|3,16584007851071|11,17|3,28341779631542
888|7,06|3,23603185587374|11,33|3,35818484222137|11,17|3,15880569755555
889|7,06|2,81470616808936|11,33|3,18153124756088|11,17|3,1448769900152
890|7,06|2,75779983149392|11,33|3,40894407430377|11,17|3,68628952940181
891|7,06|2,77073965509556|11,33|3,40408432656276|11,17|3,34147622341342
892|7,06|3,12868119707213|11,33|3,25644797249663|11,17|3,22380890871897
893|7,06|2,75697811886048|11,33|3,28110806945448|11,17|3,03129002780893
894|7,06|3,07057614322568|11,33|3,34447878155281|11,17|3,3654990827365
895|7,06|2,45805622574521|11,33|3,51272395908297|11,17|3,70426415656754
896|7,06|2,81153054189473|11,33|3,49463534682573|11,17|3,62779854878401
897|7,06|2,51860827305506|11,33|3,66220885391607|11,17|2,83768630796914
898|7,06|2,90661189415041|11,33|3,21859892820731|11,17|3,52815573936258
899|7,06|2,85421694475992|11,33|2,99685615722371|11,17|2,9559956561706
900|7,06|2,73939988900707|11,33|3,24758416830813|11,17|3,62353414203488
901|7,06|2,87767703689428|11,33|3,11436971254731|11,17|3,19262858318889
902|7,06|2,89170367333691|11,33|3,61102853494189|11,17|3,50473874976979
903|7,06|2,99179217228011|11,33|3,66513490173906|11,17|3,21756446994422
904|7,06|2,91873933110033|11,33|3,32721261863065|11,17|3,2677624240182
905|7,06|2,96830255775826|11,33|3,13005681860411|11,17|3,24142397627048
906|7,06|2,64409197892742|11,33|3,34205633795468|11,17|3,16075854828914
907|7,06|2,87695202714123|11,33|3,01280549108129|11,17|2,47897658159641
908|7,06|2,610502819501|11,33|3,39894526728304|11,17|3,16908546516872
909|7,06|2,77049773216473|11,33|3,06775302037169|11,17|3,46637662480941
910|7,06|2,63516999147897|11,33|3,37431998198458|11,17|3,24700782283864
911|7,06|2,80087823910581|11,33|3,20056579992155|11,17|3,19885965224092
912|7,06|3,0665126554823|11,33|3,46658988112469|11,17|2,81159657307158
913|7,06|2,95108063685653|11,33|3,35756506009656|11,17|3,69578058544495
914|7,06|2,95954928028243|11,33|3,40554694318504|11,17|3,10302226019767
915|7,06|3,11097872149747|11,33|3,10618122588522|11,17|3,16440020853635
916|7,06|2,9314366156523|11,33|3,61067651440288|11,17|3,04575124358136
917|7,06|2,95315716270173|11,33|3,40197426376802|11,17|3,41358734368482
918|7,06|2,76831693974133|11,33|3,51538782609316|11,17|3,14412091133351
919|7,06|2,93986795655653|11,33|3,37874056950006|11,17|3,1871998988719
920|7,06|2,84437617881823|11,33|3,69411055625378|11,17|3,10764419268243
921|7,06|3,00050596301823|11,33|3,26998110184791|11,17|3,15207312835323
922|7,06|2,91692511663457|11,33|3,41749972144734|11,17|3,08668538424795
923|7,06|3,01227664425758|11,33|3,34044064056752|11,17|3,04414596374644
924|7,06|2,92832168736508|11,33|3,34863352129354|11,17|3,10622721658719
925|7,06|2,94927148453254|11,33|3,05524511531659|11,17|3,36576679539285
926|7,06|2,72484367099372|11,33|3,17966615668354|11,17|3,83331819052333
927|7,06|2,7636107873953|11,33|3,4521745913211|11,17|3,66307557295126
928|7,06|2,82925529055386|11,33|3,34909137528691|11,17|3,53122406606856
929|7,06|2,76087379164688|11,33|3,59344100351718|11,17|3,00995740741253
930|7,06|3,02473447532024|11,33|3,37025903756736|11,17|3,29478365626962
931|7,06|2,76005479137583|11,33|3,57084980091671|11,17|3,0747307742577
932|7,06|2,85624350861034|11,33|2,88284152777313|11,17|3,17812581253497
933|7,06|2,62988713664417|11,33|3,54073116521885|11,17|3,62348083586717
934|7,06|2,80693817761189|11,33|3,52838243399715|11,17|3,29269026568458
935|7,06|2,61579732056018|11,33|2,95697569773904|11,17|3,05472427915594
936|7,06|2,88640360130558|11,33|2,98404968797443|11,17|3,47655543938474
937|7,06|3,01407736776827|11,33|3,66061205712742|11,17|3,63797061274307
938|7,06|2,7089687776156|11,33|2,92599177418734|11,17|3,10626310942315
939|7,06|2,81993851121021|11,33|2,96355463744866|11,17|3,20985293445481
940|7,06|2,70517537145711|11,33|3,47397134453889|11,17|3,23695512073578
941|7,06|2,84802861222189|11,33|2,8706085706542|11,17|2,79290050340773
942|7,06|2,64514405290308|11,33|3,63727290555964|11,17|2,95100643077074
943|7,06|2,93503728622226|11,33|3,50179933851956|11,17|2,92254105498187
944|7,06|3,02820071051419|11,33|3,432831724618|11,17|3,23204099680732
945|7,06|2,77594981102327|11,33|2,92253980067075|11,17|3,48642807624533
946|7,06|3,07006294002506|11,33|3,70086514064883|11,17|3,73817106959974
947|7,06|2,61336023443572|11,33|3,38767233471092|11,17|3,13806405289661
948|7,06|2,95055579448672|11,33|3,1164179392723|11,17|3,4748810524519
949|7,06|2,8800906615827|11,33|3,24026618788934|11,17|3,21313257411653
950|7,06|2,9757056069277|11,33|3,21663441118257|11,17|3,50933281073857
951|7,06|2,70924446160927|11,33|3,46117680788973|11,17|3,57810310518098
952|7,06|2,88092831859873|11,33|3,06032870181611|11,17|3,40784181544633
953|7,06|3,03989544619846|11,33|3,4547567632021|11,17|3,20082531207412
954|7,06|2,67163678093977|11,33|3,30459426756498|11,17|2,99776521962044
955|7,06|2,7581445930552|11,33|3,48130713540715|11,17|3,47251273294232
956|7,06|2,97418549246656|11,33|3,25220957325692|11,17|3,31495742659275
957|7,06|2,92887900896065|11,33|3,26179860055315|11,17|2,77256028661332
958|7,06|3,19833889994205|11,33|3,22064033978467|11,17|3,22085769491355
959|7,06|2,87365347498082|11,33|3,33646629737842|11,17|3,39784603718378
960|7,06|2,71380356033353|11,33|2,93333026369442|11,17|3,25238037929352
961|7,06|2,82146716726184|11,33|3,41176102599161|11,17|3,2166885403627
962|7,06|2,34744118231426|11,33|2,95346462699175|11,17|3,21421291452096
963|7,06|3,03452058561407|11,33|3,32212231670729|11,17|3,4925825658828
964|7,06|2,88688792319652|11,33|3,36255840926335|11,17|3,42361055611018
965|7,06|2,82455313221156|11,33|3,29957240406975|11,17|3,00918790981769
966|7,06|2,92299353017874|11,33|2,9638284681156|11,17|3,47514552900976
967|7,06|2,90837045209508|11,33|3,5169782223023|11,17|3,23759288103603
968|7,06|2,89536992369803|11,33|3,24210888339526|11,17|3,31425734806928
969|7,06|2,91526637048811|11,33|2,93533882934296|11,17|3,06002259958616
970|7,06|2,82782746074302|11,33|3,4236161505673|11,17|3,62051491041254
971|7,06|2,94619589514816|11,33|3,44802762323537|11,17|3,28985952678247
972|7,06|2,98494441712528|11,33|3,19708363300192|11,17|3,39177962376237
973|7,06|2,72656385430239|11,33|3,21087120197273|11,17|2,83205710582274
974|7,06|2,94004503053571|11,33|2,78422252855288|11,17|3,54196203680228
975|7,06|2,83770437385857|11,33|3,67071176549444|11,17|3,12738071784301
976|7,06|2,81074115622428|11,33|3,51373876890395|11,17|3,22883624570229
977|7,06|2,68179145246956|11,33|3,02414919484727|11,17|3,1949776213453
978|7,06|2,76547649979714|11,33|3,77550200795375|11,17|3,09292769561795
979|7,06|2,86001475007197|11,33|3,55646928366477|11,17|3,15851358691059
980|7,06|3,07800442656025|11,33|3,19957379099706|11,17|3,32476422295631
981|7,06|2,82421980599791|11,33|3,59888799477118|11,17|3,22818270622389
982|7,06|2,52183282030698|11,33|3,45876954134198|11,17|2,96425213174636
983|7,06|2,76927164361222|11,33|2,8711219886738|11,17|3,39887290832465
984|7,06|2,65614896336292|11,33|3,48575448135117|11,17|3,51554005782463
985|7,06|2,83939765023447|11,33|3,39490690747568|11,17|3,69818587371297
986|7,06|2,69566803346367|11,33|3,55274049867516|11,17|3,39707546918781
987|7,06|3,12866448521246|11,33|3,48759502439164|11,17|3,43747303730399
988|7,06|2,87004367237612|11,33|3,24473107444364|11,17|3,48803694753977
989|7,06|3,11372813854286|11,33|3,23101658322077|11,17|3,19564012100224
990|7,06|2,92926743822616|11,33|3,15056590294417|11,17|3,2897393052509
991|7,06|2,80181335099554|11,33|3,0357777480277|11,17|3,11284767727173
992|7,06|2,93152756476232|11,33|3,6639854759578|11,17|3,30706752014685
993|7,06|2,88666597573132|11,33|3,53243298820523|11,17|3,4874831310245
994|7,06|2,84442909978711|11,33|3,11348826332117|11,17|3,39068910739046
995|7,06|2,63892157109442|11,33|2,99949501204281|11,17|3,37189845425744
996|7,06|2,91109333392217|11,33|2,9772213377845|11,17|3,54656061332155
997|7,06|2,63682230653385|11,33|3,11365600641671|11,17|3,65091566560094
998|7,06|2,78237467423946|11,33|3,0291599972695|11,17|3,07771568399438
999|7,06|2,79000283304786|11,33|3,0910370765354|11,17|3,31750598874744
1000|7,06|2,81776753071585|11,33|3,31824942688564|11,17|3,05660471149634
